cliente_id,edad,ingreso,gasto,nivel_educativo,ciudad,satisfaccion
1,56.0,31243.23227793483,14861.445679557555,Secundaria,Lima,3.0
2,69.0,36332.178611137024,23706.20317522609,Secundaria,Lima,5.0
3,46.0,56363.051083451704,11447.352107374845,Pregrado,Lima,4.0
4,32.0,40932.7933142007,20594.89245947993,Pregrado,Lima,3.0
5,60.0,54760.42587426972,25002.428038810525,Secundaria,Lima,2.0
6,25.0,63036.61268398584,20762.104311296298,Posgrado,Bogota,2.0
7,38.0,52115.87012326017,16993.013772141367,Pregrado,Lima,3.0
8,56.0,55970.44646179076,15766.928215676016,Pregrado,Lima,3.0
9,36.0,41036.64816870698,24080.763614406853,Pregrado,Medellin,5.0
10,40.0,48880.12179493059,22358.536457634895,Secundaria,Lima,5.0
11,28.0,64689.41285432392,18572.55349506835,Secundaria,Medellin,2.0
12,28.0,38761.01665459963,25326.46234422975,Secundaria,Bogota,4.0
13,41.0,59500.0539550718,24269.988932474505,Secundaria,Lima,2.0
14,53.0,67265.16468575364,28942.96928662731,Secundaria,Medellin,4.0
15,57.0,54578.85077000015,,Posgrado,Medellin,4.0
16,41.0,999999.0,19177.497829190477,Posgrado,Bogota,5.0
17,20.0,53268.45223970014,19285.04532646237,Secundaria,Lima,1.0
18,39.0,49188.81045841313,,Pregrado,Lima,1.0
19,19.0,54677.947532631515,20753.295217416402,Secundaria,Medellin,3.0
20,41.0,57361.22350669258,19921.425300737767,Posgrado,Lima,5.0
21,61.0,42202.98119340122,13349.629672426076,Posgrado,Medellin,4.0
22,47.0,41561.03639656074,19873.56187214436,Pregrado,Lima,1.0
23,55.0,,26715.841061483894,Posgrado,Medellin,4.0
24,19.0,40344.42328105025,16327.261750262369,Secundaria,Lima,1.0
25,38.0,51504.89078110595,15200.52683943047,Pregrado,Bogota,1.0
26,50.0,-5000.0,25524.641092250746,Secundaria,Lima,1.0
27,29.0,76335.28220612124,23171.20148132145,Secundaria,Lima,
28,39.0,39749.09111189135,35305.4760718913,Pregrado,Bogota,2.0
29,61.0,42179.5217370016,13407.149196209437,Secundaria,Lima,4.0
30,42.0,54239.43069790934,23601.936210190983,Posgrado,Bogota,5.0
31,66.0,58727.05097990517,21579.45453576158,Secundaria,Lima,5.0
32,44.0,72872.25982957293,,Pregrado,Medellin,
33,59.0,66229.20499341373,24552.56109247334,Pregrado,Medellin,5.0
34,45.0,58237.33076975141,19851.37321156305,Pregrado,Lima,5.0
35,33.0,52930.59245645572,10318.118950076998,Secundaria,Lima,3.0
36,32.0,58966.30383710946,15763.212359436782,Pregrado,Lima,4.0
37,64.0,43896.779826526654,26822.167236601592,Pregrado,Medellin,5.0
38,68.0,46838.34103190227,25860.144519022,Secundaria,Lima,
39,61.0,35175.75753141087,18134.404051748184,Posgrado,Medellin,3.0
40,69.0,,22517.98532072409,Secundaria,Bogota,3.0
41,20.0,59626.41289999702,33919.69023244918,Pregrado,Medellin,4.0
42,54.0,47903.07563163002,,Pregrado,Medellin,1.0
43,68.0,42259.57069253496,19942.083401090033,Secundaria,Bogota,2.0
44,24.0,46402.21854708013,20952.993525572616,Posgrado,Medellin,1.0
45,38.0,,23034.878547843124,Pregrado,Lima,1.0
46,26.0,,-999.0,Pregrado,Lima,1.0
47,56.0,58499.2120406235,23030.646815495424,Pregrado,Medellin,5.0
48,35.0,36886.75774248891,10278.852031252001,Secundaria,Lima,3.0
49,21.0,41296.95045438926,21681.993818931263,Pregrado,Medellin,1.0
50,42.0,44933.56780368476,20253.14905457583,Posgrado,Lima,3.0
51,31.0,36900.493127875256,18912.71511547988,Pregrado,Lima,4.0
52,67.0,79436.63416481284,17623.71325799762,Pregrado,Medellin,2.0
53,26.0,39037.342047186445,16953.13312057793,Posgrado,Lima,4.0
54,43.0,,15932.394515199883,Pregrado,Medellin,4.0
55,19.0,43339.39379769571,8409.658759060856,Secundaria,Lima,5.0
56,37.0,44862.12508491754,18659.908240785637,Secundaria,Lima,2.0
57,45.0,53013.22800949634,25481.648947705442,Secundaria,Bogota,4.0
58,64.0,35414.83079013242,18322.944879645802,Posgrado,Bogota,4.0
59,24.0,43372.61686621787,23175.562754509898,Pregrado,Medellin,2.0
60,61.0,48535.27193258384,14598.995649797573,Secundaria,Bogota,2.0
61,25.0,41539.82983544294,13471.512229794549,Posgrado,Medellin,4.0
62,64.0,41775.10631219938,16246.190784661636,Pregrado,Bogota,2.0
63,52.0,60867.270230392736,14872.50065139922,Posgrado,Lima,4.0
64,31.0,60049.86880702632,14084.801943324737,Secundaria,Medellin,4.0
65,34.0,45582.339767739875,22248.87019244367,Secundaria,Medellin,5.0
66,53.0,49158.34914818822,150000.0,Secundaria,Lima,1.0
67,67.0,62370.160729364616,16665.283125217436,Posgrado,Medellin,4.0
68,57.0,35735.21115274447,11540.908718748486,Posgrado,Medellin,3.0
69,21.0,53380.226588751415,,Secundaria,Bogota,1.0
70,19.0,69745.71196953487,12820.49590312984,Posgrado,Medellin,1.0
71,23.0,,14083.671892727903,Secundaria,Lima,1.0
72,59.0,30600.88781396757,22474.978270958476,Secundaria,Bogota,5.0
73,21.0,42373.730357848486,19173.45192723219,Pregrado,Bogota,4.0
74,46.0,51686.59387193294,16564.12412333745,Posgrado,Lima,5.0
75,35.0,36781.230493665615,20341.756255519143,Secundaria,Lima,4.0
76,43.0,43317.53300867588,17952.955847142213,Secundaria,Bogota,5.0
77,61.0,48627.0899632073,29447.738280632915,Posgrado,Medellin,
78,51.0,64013.215646936245,16620.976328893015,Pregrado,Bogota,3.0
79,27.0,49545.97344713163,15432.937313387923,Pregrado,Lima,5.0
80,53.0,52169.367261623425,17724.83413006217,Secundaria,Bogota,2.0
81,31.0,,17936.191934049468,Posgrado,Lima,3.0
82,48.0,55434.88691242436,22978.218259021607,Pregrado,Bogota,5.0
83,65.0,50280.99463348202,10042.311067342931,Posgrado,Medellin,1.0
84,32.0,,22130.12933417001,Posgrado,Bogota,2.0
85,25.0,57896.728047506724,17293.572791800165,Secundaria,Bogota,2.0
86,31.0,54314.89463263042,23884.115022128015,Pregrado,Lima,2.0
87,40.0,39032.477014228105,19761.78144421478,Secundaria,Lima,
88,57.0,43176.98436079728,22593.4722885889,Pregrado,Lima,5.0
89,38.0,58875.11614416269,18042.99093959084,Pregrado,Bogota,5.0
90,33.0,56054.83130847675,22190.112987108376,Pregrado,Medellin,1.0
91,62.0,42797.02007141187,28318.848947241255,Pregrado,Lima,1.0
92,35.0,47300.66230924309,16303.817842724464,Pregrado,Lima,2.0
93,64.0,48565.377703693106,,Posgrado,Bogota,1.0
94,41.0,56170.0377571513,17568.913571234378,Secundaria,Lima,3.0
95,43.0,62489.40699139911,27964.908971297322,Posgrado,Medellin,5.0
96,42.0,50656.49158111225,17830.29200494974,Pregrado,Medellin,2.0
97,62.0,61692.076469526226,16336.538993480779,Secundaria,Lima,1.0
98,58.0,58733.16969089427,17108.615430179314,Pregrado,Lima,3.0
99,46.0,52056.50134006671,19321.41308840884,Secundaria,Bogota,3.0
100,32.0,35565.16648303761,16032.474911636946,Posgrado,Medellin,1.0
